/* script to insert data in user type table*/

INSERT INTO `user_type`
(`id`,
`type`,
`parent_id`,
`created_by`,
`created_at`)
VALUES
('1', 'clear_vue_admin', NULL, NULL, '2021-12-24 00:00:00'),
('2', 'client_admin', NULL, NULL, '2021-12-24 00:00:00'),
('3', 'agency_admin', NULL, NULL, '2021-12-24 00:00:00'),
('4', 'client_regional', NULL, NULL, '2021-12-24 00:00:00'),
('5', 'client_site', NULL, NULL, '2021-12-24 00:00:00'),
('6', 'agency_worker', NULL, NULL, '2021-12-24 00:00:00');

/* script to insert data in user table*/

INSERT INTO `clear_vue`.`user`
(`id`,
`user_type_id`,
`agency_id`,
`client_id`,
`worker_id`,
`name`,
`email`,
`country_code`,
`mobile`,
`password`,
`is_verified`,
`created_by`,
`created_at`,
`updated_by`,
`updated_at`)
VALUES
('1', '1', NULL, NULL, NULL, 'admin', 'jay.modi@marutitech.com', '+91', '9988998899', '$2a$10$gRIHdVF6JMfXVHq8/C6A4emIXTpJcTDOW61bEOJL9ZdVdt4aCQLv.', '1', NULL, '2021-12-25 00:00:00', NULL, '2021-12-25 00:00:00');

/* script to insert data in feature table*/

INSERT INTO `features`
(`id`,
`name`,
`code`,
`created_by`,
`created_at`,
`updated_by`,
`updated_at`)
VALUES
('1', 'Agency', 'agency', '1', '2021-12-24 00:00:00', '1', '2021-12-24 00:00:00'),
('2', 'Client', 'client', '1', '2021-12-24 00:00:00', '1', '2021-12-24 00:00:00'),
('3', 'Regional Client Admin', 'regional_client_admin', '1', '2021-12-24 00:00:00', '1', '2021-12-24 00:00:00'),
('4', 'Site Client Admin', 'site_client_admin', '1', '2021-12-24 00:00:00', '1', '2021-12-24 00:00:00'),
('5', 'Department', 'department', '1', '2021-12-24 00:00:00', '1', '2021-12-24 00:00:00'),
('6', 'Region', 'region', '1', '2021-12-24 00:00:00', '1', '2021-12-24 00:00:00'),
('7', 'Site', 'site', '1', '2021-12-24 00:00:00', '1', '2021-12-24 00:00:00'),
('8', 'Job', 'job', '1', '2021-12-24 00:00:00', '1', '2021-12-24 00:00:00'),
('9', 'Rate Card', 'rate_card', '1', '2021-12-24 00:00:00', '1', '2021-12-24 00:00:00'),
('10', 'Shift Type', 'shift_type', '1', '2021-12-24 00:00:00', '1', '2021-12-24 00:00:00'),
('11', 'Worker', 'worker', '1', '2021-12-24 00:00:00', '1', '2021-12-24 00:00:00'),
('12', 'Manage Associations', 'manage_associations', '1', '2021-12-24 00:00:00', '1', '2021-12-24 00:00:00'),
('13', 'Time and Attendance', 'time_and_attendance', '1', '2021-12-24 00:00:00', '1', '2021-12-24 00:00:00'),
('14', 'Sector', 'sector', '1', '2021-12-24 00:00:00', '1', '2021-12-24 00:00:00'),
('15', 'User', 'user', '1', '2021-12-24 00:00:00', '1', '2021-12-24 00:00:00'),
('16', 'Shift Booking', 'shift_booking', '1', '2021-12-24 00:00:00', '1', '2021-12-24 00:00:00'),
('17', 'Resend Invitation', 'resend_invitation', '1', '2021-12-24 00:00:00', '1', '2021-12-24 00:00:00'),
('18', 'Master Admin Dashboard', 'master_admin_dashboard', '1', '2021-12-24 00:00:00', '1', '2021-12-24 00:00:00'),
('18', 'Message', 'message', '1', '2021-12-24 00:00:00', '1', '2021-12-24 00:00:00');

/* script to insert data in permissions table*/

INSERT INTO `permissions`
(`id`,
`access_type`,
`user_type_id`,
`feature_id`,
`created_by`,
`created_at`,
`updated_by`,
`updated_at`)
VALUES
('1', '3', '1', '1', '1', '2021-12-24 00:00:00', '1', '2021-12-24 00:00:00'),
('2', '3', '2', '1', '1', '2021-12-24 00:00:00', '1', '2021-12-24 00:00:00'),
('3', '3', '3', '2', '1', '2021-12-24 00:00:00', '1', '2021-12-24 00:00:00'),
('4', '3', '1', '2', '1', '2021-12-24 00:00:00', '1', '2021-12-24 00:00:00'),
('5', '3', '2', '2', '1', '2021-12-24 00:00:00', '1', '2021-12-24 00:00:00'),
('6', '3', '2', '3', '1', '2021-12-24 00:00:00', '1', '2021-12-24 00:00:00'),
('7', '3', '2', '4', '1', '2021-12-24 00:00:00', '1', '2021-12-24 00:00:00'),
('8', '3', '3', '5', '1', '2021-12-24 00:00:00', '1', '2021-12-24 00:00:00'),
('9', '3', '5', '5', '1', '2021-12-24 00:00:00', '1', '2021-12-24 00:00:00'),
('10', '3', '4', '5', '1', '2021-12-24 00:00:00', '1', '2021-12-24 00:00:00'),
('11', '3', '2', '5', '1', '2021-12-24 00:00:00', '1', '2021-12-24 00:00:00'),
('12', '3', '4', '6', '1', '2021-12-24 00:00:00', '1', '2021-12-24 00:00:00'),
('13', '3', '2', '6', '1', '2021-12-24 00:00:00', '1', '2021-12-24 00:00:00'),
('14', '3', '2', '7', '1', '2021-12-24 00:00:00', '1', '2021-12-24 00:00:00'),
('15', '3', '4', '7', '1', '2021-12-24 00:00:00', '1', '2021-12-24 00:00:00'),
('16', '3', '5', '7', '1', '2021-12-24 00:00:00', '1', '2021-12-24 00:00:00'),
('17', '3', '2', '8', '1', '2021-12-24 00:00:00', '1', '2021-12-24 00:00:00'),
('18', '3', '4', '8', '1', '2021-12-24 00:00:00', '1', '2021-12-24 00:00:00'),
('19', '3', '5', '8', '1', '2021-12-24 00:00:00', '1', '2021-12-24 00:00:00'),
('20', '3', '2', '9', '1', '2021-12-24 00:00:00', '1', '2021-12-24 00:00:00'),
('21', '3', '4', '9', '1', '2021-12-24 00:00:00', '1', '2021-12-24 00:00:00'),
('22', '3', '5', '9', '1', '2021-12-24 00:00:00', '1', '2021-12-24 00:00:00'),
('23', '3', '2', '10', '1', '2021-12-24 00:00:00', '1', '2021-12-24 00:00:00'),
('24', '3', '4', '10', '1', '2021-12-24 00:00:00', '1', '2021-12-24 00:00:00'),
('25', '3', '5', '10', '1', '2021-12-24 00:00:00', '1', '2021-12-24 00:00:00'),
('26', '3', '2', '11', '1', '2021-12-24 00:00:00', '1', '2021-12-24 00:00:00'),
('27', '3', '3', '11', '1', '2021-12-24 00:00:00', '1', '2021-12-24 00:00:00'),
('28', '3', '4', '11', '1', '2021-12-24 00:00:00', '1', '2021-12-24 00:00:00'),
('29', '3', '5', '11', '1', '2021-12-24 00:00:00', '1', '2021-12-24 00:00:00'),
('30', '3', '1', '12', '1', '2021-12-24 00:00:00', '1', '2021-12-24 00:00:00'),
('31', '3', '5', '13', '1', '2021-12-24 00:00:00', '1', '2021-12-24 00:00:00'),
('32', '3', '1', '14', '1', '2021-12-24 00:00:00', '1', '2021-12-24 00:00:00'),
('33', '3', '2', '15', '1', '2021-12-24 00:00:00', '1', '2021-12-24 00:00:00'),
('34', '1', '1', '18', '1', '2021-12-24 00:00:00', '1', '2021-12-24 00:00:00'),
('35', '3', '5', '21', '1', '2021-12-24 00:00:00', '1', '2021-12-24 00:00:00'),
('36', '3', '3', '21', '1', '2021-12-24 00:00:00', '1', '2021-12-24 00:00:00');


/* script to insert data in sector table*/

INSERT INTO `sector`
(`id`,
`key`,
`value`,
`created_by`,
`created_at`,
`updated_by`,
`updated_at`)
VALUES
('1', 'automotive', 'Automotive', '1', '2021-12-24 00:00:00', '1', '2021-12-24 00:00:00'),
('2', 'Aaviation', 'Aviation', '1', '2021-12-24 00:00:00', '1', '2021-12-24 00:00:00'),
('3', 'construction_and_housing', 'Construction and Housing', '1', '2021-12-24 00:00:00', '1', '2021-12-24 00:00:00'),
('4', 'construction_products', 'Construction Products', '1', '2021-12-24 00:00:00', '1', '2021-12-24 00:00:00'),
('5', 'consumer_goods', 'Consumer Goods', '1', '2021-12-24 00:00:00', '1', '2021-12-24 00:00:00'),
('6', 'data_protection', 'Data Protection', '1', '2021-12-24 00:00:00', '1', '2021-12-24 00:00:00'),
('7', 'drivers', 'Drivers', '1', '2021-12-24 00:00:00', '1', '2021-12-24 00:00:00'),
('8', 'ecommerce', 'Ecommerce', '1', '2021-12-24 00:00:00', '1', '2021-12-24 00:00:00'),
('9', 'electronics', 'Electronics, Machinery and Parts', '1', '2021-12-24 00:00:00', '1', '2021-12-24 00:00:00'),
('10', 'energy', 'Energy', '1', '2021-12-24 00:00:00', '1', '2021-12-24 00:00:00'),
('11', 'farming_food_and_drink_sectors', 'Farming, food and drink sectors', '1', '2021-12-24 00:00:00', '1', '2021-12-24 00:00:00'),
('12', 'food_manufacturing', 'Food Manufacturing', '1', '2021-12-24 00:00:00', '1', '2021-12-24 00:00:00'),
('13', 'food_preparation', 'Food Preparation', '1', '2021-12-24 00:00:00', '1', '2021-12-24 00:00:00'),
('14', 'fisheries', 'Fisheries', '1', '2021-12-24 00:00:00', '1', '2021-12-24 00:00:00'),
('15', 'health_and_care_sector', 'Health and Care Sector', '1', '2021-12-24 00:00:00', '1', '2021-12-24 00:00:00'),
('16', 'manufacturing', 'Manufacturing', '1', '2021-12-24 00:00:00', '1', '2021-12-24 00:00:00'),
('17', 'parcel_delivery_services', 'Parcel Delivery Services', '1', '2021-12-24 00:00:00', '1', '2021-12-24 00:00:00'),
('18', 'professional_business_services', 'Professional Business services', '1', '2021-12-24 00:00:00', '1', '2021-12-24 00:00:00'),
('19', 'retail_clothing', 'Retail - Clothing', '1', '2021-12-24 00:00:00', '1', '2021-12-24 00:00:00'),
('20', 'retail_electronics', 'Retail - Electronics', '1', '2021-12-24 00:00:00', '1', '2021-12-24 00:00:00'),
('21', 'retail_food_and_groceries', 'Retail - Food & Groceries', '1', '2021-12-24 00:00:00', '1', '2021-12-24 00:00:00'),
('22', 'retail_sports', 'Retail - Sports', '1', '2021-12-24 00:00:00', '1', '2021-12-24 00:00:00'),
('23', 'telecoms', 'Telecoms', '1', '2021-12-24 00:00:00', '1', '2021-12-24 00:00:00'),
('24', 'transport_and_haulage', 'Transport and haulage', '1', '2021-12-24 00:00:00', '1', '2021-12-24 00:00:00');
